driver_id,total_fare,avg_distance
31,10.22,25.31
53,64.6,13.33
26,100.21,15.9
1,29.07,28.28
5,90.02,4.71
17,207.33,30.59
23,132.07,20.25
51,45.13,8.29
90,153.39,13.895
58,200.66000000000003,11.350000000000001
33,129.51,2.6
42,65.65,4.56
74,63.17,11.98
36,102.05,41.78
