driver_id,total_fare,avg_distance
85,72.46000000000001,24.84
78,112.44,20.98
91,148.63,30.875
40,118.09,38.86
94,63.0,43.62
43,130.22,13.75
17,63.94,39.81
72,75.44,15.52
80,92.08,16.25
24,134.44,25.07
32,124.64,3.1
75,216.55999999999997,15.196666666666665
2,6.82,46.81
18,96.73,17.95
89,50.0,13.6
